,price,percent_pro,all_comment,pic_comment,vid_comment,add_comment,pro_comment,mid_comment,con_comment
0,35.88,0.97,3000.0,0.0,0.0,28.0,700.0,10.0,8.0
1,55.9,0.98,100000.0,14.0,1.0,300.0,40000.0,300.0,300.0
2,199.0,0.98,10000.0,0.0,0.0,200.0,8000.0,37.0,61.0
3,128.0,0.97,800.0,0.0,0.0,3.0,200.0,3.0,3.0
4,58.0,1.0,100.0,0.0,0.0,0.0,94.0,0.0,0.0
5,79.0,1.0,100.0,0.0,0.0,0.0,19.0,0.0,0.0
6,39.9,0.98,200.0,0.0,0.0,2.0,66.0,1.0,0.0
7,25.8,1.0,37.0,0.0,0.0,0.0,8.0,0.0,0.0
8,33.8,0.98,7000.0,50.0,0.0,17.0,3000.0,23.0,24.0
9,7.8,0.93,600.0,0.0,0.0,3.0,100.0,3.0,5.0
10,24.6,0.93,600.0,0.0,0.0,3.0,100.0,3.0,5.0
11,161.9,0.99,2000.0,0.0,0.0,4.0,400.0,2.0,2.0
12,235.0,0.98,100000.0,0.0,0.0,200.0,10000.0,100.0,200.0
13,53.9,0.98,900.0,0.0,0.0,3.0,100.0,1.0,1.0
14,139.0,0.98,80000.0,242.0,0.0,100.0,20000.0,100.0,200.0
15,59.0,0.9500000000000001,10000.0,500.0,0.0,39.0,10000.0,300.0,200.0
16,45.0,0.98,2000.0,3.0,0.0,10.0,1700.0,10.0,9.0
17,49.0,0.97,30000.0,500.0,0.0,83.0,20000.0,400.0,400.0
18,49.9,0.98,10000.0,30.0,0.0,39.0,10000.0,89.0,93.0
19,65.0,0.98,3000.0,0.0,0.0,49.0,1000.0,10.0,23.0
20,53.9,0.9500000000000001,1000.0,0.0,0.0,6.0,300.0,8.0,6.0
21,69.9,0.98,1000.0,0.0,0.0,9.0,400.0,2.0,3.0
22,29.9,0.97,700.0,2.0,0.0,10.0,200.0,1.0,5.0
23,116.0,0.98,80000.0,242.0,0.0,100.0,20000.0,100.0,200.0
24,119.0,0.98,500.0,0.0,0.0,1.0,100.0,0.0,2.0
25,89.0,0.98,100000.0,37.0,0.0,200.0,40000.0,200.0,300.0
26,69.0,0.97,90000.0,500.0,0.0,300.0,50000.0,800.0,600.0
27,68.0,0.98,100000.0,37.0,0.0,200.0,40000.0,200.0,300.0
28,68.0,0.98,100000.0,37.0,0.0,200.0,40000.0,200.0,300.0
29,69.0,0.98,100000.0,37.0,0.0,200.0,40000.0,200.0,300.0
30,69.0,0.98,100000.0,37.0,0.0,200.0,40000.0,200.0,300.0
31,195.0,0.99,4000.0,0.0,0.0,50.0,1000.0,2.0,6.0
32,8.41,0.98,10000.0,0.0,0.0,44.0,8000.0,56.0,51.0
33,9.9,0.93,2000.0,0.0,0.0,9.0,500.0,18.0,17.0
34,49.9,0.99,600.0,0.0,0.0,6.0,200.0,1.0,0.0
35,29.9,0.97,90000.0,500.0,0.0,300.0,50000.0,800.0,600.0
36,15.0,1.0,47.0,0.0,0.0,0.0,6.0,0.0,0.0
37,29.9,0.97,90000.0,500.0,0.0,300.0,50000.0,800.0,600.0
38,18.9,1.0,300.0,0.0,0.0,0.0,86.0,0.0,0.0
39,23.9,0.93,2000.0,0.0,0.0,9.0,500.0,18.0,17.0
40,14.9,0.93,2000.0,0.0,0.0,9.0,500.0,18.0,17.0
41,75.0,1.0,65.0,0.0,0.0,0.0,30.0,0.0,0.0
42,9.9,1.0,80.0,0.0,0.0,0.0,10.0,0.0,0.0
43,29.9,0.97,90000.0,500.0,0.0,300.0,50000.0,800.0,600.0
44,45.0,1.0,13.0,0.0,0.0,0.0,3.0,0.0,0.0
45,59.9,0.9500000000000001,2000.0,0.0,0.0,3.0,300.0,8.0,8.0
46,29.9,0.93,2000.0,0.0,0.0,9.0,500.0,18.0,17.0
47,39.9,0.97,20000.0,500.0,1.0,66.0,10000.0,200.0,100.0
48,12.0,0.97,20000.0,500.0,1.0,66.0,10000.0,200.0,100.0
49,199.0,0.98,1000.0,0.0,0.0,4.0,300.0,1.0,5.0
50,59.0,0.97,7000.0,98.0,0.0,16.0,4000.0,67.0,42.0
51,74.9,0.97,300.0,0.0,0.0,0.0,67.0,0.0,2.0
52,98.0,0.98,8000.0,0.0,0.0,94.0,2000.0,7.0,25.0
53,168.0,1.0,15.0,0.0,0.0,0.0,3.0,0.0,0.0
54,4.8,0.99,600.0,0.0,0.0,4.0,100.0,0.0,1.0
55,29.9,0.97,300.0,0.0,0.0,0.0,68.0,0.0,2.0
56,49.9,0.9500000000000001,300.0,0.0,0.0,0.0,20.0,0.0,1.0
57,115.0,0.98,30000.0,168.0,0.0,73.0,20000.0,100.0,100.0
58,89.0,0.99,2000.0,0.0,0.0,1.0,1000.0,0.0,2.0
59,14.0,1.0,100.0,0.0,0.0,1.0,20.0,0.0,0.0
60,29.9,0.96,1000.0,0.0,0.0,0.0,200.0,4.0,4.0
61,39.9,0.9500000000000001,200.0,0.0,0.0,0.0,45.0,1.0,1.0
62,39.0,0.98,1000.0,0.0,0.0,2.0,100.0,2.0,0.0
63,179.0,0.98,1000000.0,500.0,7.0,2000.0,800000.0,5000.0,5000.0
64,208.0,0.98,1000000.0,500.0,7.0,2000.0,800000.0,5000.0,5000.0
65,122.0,0.98,1000000.0,500.0,7.0,2000.0,800000.0,5000.0,5000.0
66,250.0,0.98,1000000.0,500.0,7.0,2000.0,800000.0,5000.0,5000.0
67,79.0,0.99,10000.0,132.0,0.0,45.0,10000.0,64.0,78.0
68,28.0,1.0,400.0,0.0,0.0,2.0,100.0,0.0,0.0
69,55.0,0.96,30000.0,0.0,0.0,85.0,9000.0,100.0,100.0
70,27.0,1.0,48.0,0.0,0.0,0.0,11.0,0.0,0.0
71,49.0,0.98,4000.0,0.0,0.0,12.0,800.0,8.0,6.0
72,165.6,0.99,4000.0,0.0,0.0,5.0,500.0,0.0,3.0
73,49.0,0.97,40000.0,0.0,0.0,100.0,10000.0,100.0,100.0
74,24.0,0.99,40000.0,370.0,0.0,87.0,20000.0,100.0,100.0
75,39.0,0.97,40000.0,0.0,0.0,100.0,10000.0,100.0,100.0
76,29.0,0.97,10000.0,0.0,0.0,11.0,2000.0,36.0,20.0
77,29.9,0.96,10000.0,0.0,0.0,66.0,3000.0,63.0,70.0
78,16.9,0.98,80000.0,0.0,0.0,100.0,20000.0,200.0,100.0
79,129.9,0.98,10000.0,0.0,0.0,28.0,2000.0,15.0,12.0
80,79.0,1.0,100.0,0.0,0.0,0.0,14.0,0.0,0.0
81,27.0,0.98,1000.0,0.0,0.0,3.0,400.0,4.0,4.0
82,59.9,0.93,1000.0,0.0,0.0,8.0,200.0,6.0,10.0
83,17.9,0.97,70000.0,500.0,1.0,100.0,20000.0,400.0,300.0
84,17.9,0.97,70000.0,500.0,1.0,100.0,20000.0,400.0,300.0
85,19.8,0.97,70000.0,500.0,1.0,100.0,20000.0,400.0,300.0
86,39.9,0.97,70000.0,500.0,1.0,100.0,20000.0,400.0,300.0
87,69.0,0.96,200.0,0.0,0.0,1.0,58.0,0.0,2.0
88,89.0,1.0,1000.0,0.0,0.0,6.0,900.0,0.0,0.0
89,49.0,0.93,6000.0,0.0,0.0,29.0,1000.0,47.0,69.0
90,84.9,0.96,200.0,0.0,0.0,1.0,63.0,2.0,0.0
91,9.0,0.97,5000.0,31.0,0.0,15.0,2000.0,28.0,23.0
92,0.49,0.9,300.0,0.0,0.0,1.0,89.0,3.0,6.0
93,59.9,0.98,300.0,0.0,0.0,0.0,58.0,1.0,0.0
94,25.0,0.9,300.0,0.0,0.0,1.0,89.0,3.0,6.0
95,72.0,1.0,100.0,0.0,0.0,0.0,26.0,0.0,0.0
96,199.0,0.99,4000.0,0.0,0.0,31.0,2000.0,7.0,9.0
97,569.0,0.99,4000.0,0.0,0.0,31.0,2000.0,7.0,9.0
98,58.0,0.97,3000.0,0.0,0.0,34.0,1000.0,9.0,18.0
99,58.0,0.97,3000.0,0.0,0.0,34.0,1000.0,9.0,18.0
100,54.9,0.97,8000.0,500.0,0.0,49.0,7000.0,83.0,80.0
101,89.9,0.98,8000.0,0.0,0.0,24.0,5000.0,36.0,54.0
102,59.9,0.98,200.0,0.0,0.0,1.0,55.0,0.0,1.0
103,5.0,0.99,5000.0,0.0,0.0,18.0,4000.0,13.0,13.0
104,59.0,1.0,35.0,0.0,0.0,1.0,8.0,0.0,0.0
105,29.9,1.0,67.0,0.0,0.0,0.0,14.0,0.0,0.0
106,69.9,0.97,20000.0,230.0,1.0,41.0,10000.0,200.0,100.0
107,89.0,0.98,9000.0,0.0,0.0,24.0,2000.0,21.0,14.0
108,29.0,0.97,3000.0,0.0,0.0,34.0,1000.0,9.0,18.0
109,9.9,0.98,70000.0,0.0,0.0,100.0,30000.0,200.0,100.0
110,9.9,0.98,70000.0,0.0,0.0,100.0,30000.0,200.0,100.0
111,29.0,0.97,3000.0,0.0,0.0,34.0,1000.0,9.0,18.0
112,11.9,0.98,70000.0,0.0,0.0,100.0,30000.0,200.0,100.0
113,48.0,0.97,5000.0,77.0,0.0,17.0,2000.0,34.0,29.0
114,44.9,0.97,8000.0,500.0,0.0,49.0,7000.0,83.0,80.0
115,62.9,0.96,1000.0,0.0,0.0,2.0,200.0,7.0,4.0
116,12.8,0.98,400000.0,5.0,0.0,1000.0,100000.0,1000.0,1000.0
117,9.9,0.98,70000.0,0.0,0.0,100.0,30000.0,200.0,100.0
118,8.9,0.98,70000.0,0.0,0.0,100.0,30000.0,200.0,100.0
119,55.0,0.99,100000.0,459.0,0.0,100.0,40000.0,200.0,100.0
120,7.65,0.97,200000.0,500.0,7.0,1000.0,100000.0,1000.0,1000.0
121,120.0,0.99,60000.0,500.0,2.0,200.0,30000.0,100.0,200.0
122,50.91,0.97,200000.0,500.0,7.0,1000.0,100000.0,1000.0,1000.0
123,42.41,0.97,200000.0,500.0,7.0,1000.0,100000.0,1000.0,1000.0
124,89.0,0.97,8000.0,0.0,0.0,23.0,2000.0,16.0,30.0
125,58.65,0.97,200000.0,500.0,7.0,1000.0,100000.0,1000.0,1000.0
126,69.9,1.0,100.0,0.0,0.0,1.0,23.0,0.0,0.0
127,11.81,0.97,200000.0,500.0,7.0,1000.0,100000.0,1000.0,1000.0
128,13.5,0.99,100000.0,459.0,0.0,100.0,40000.0,200.0,100.0
129,49.9,0.96,900.0,0.0,0.0,3.0,100.0,1.0,5.0
130,10.2,0.97,200000.0,500.0,7.0,1000.0,100000.0,1000.0,1000.0
131,25.0,0.99,100000.0,459.0,0.0,100.0,40000.0,200.0,100.0
132,27.2,0.97,200000.0,500.0,7.0,1000.0,100000.0,1000.0,1000.0
133,149.0,0.97,900000.0,0.0,0.0,1000.0,100000.0,1000.0,2000.0
134,88.0,0.97,20000.0,0.0,0.0,74.0,5000.0,74.0,87.0
135,68.0,0.97,10000.0,0.0,0.0,92.0,3000.0,41.0,50.0
136,79.0,0.97,10000.0,0.0,0.0,92.0,3000.0,41.0,50.0
137,52.0,0.98,20000.0,50.0,2.0,82.0,10000.0,96.0,99.0
138,68.0,0.97,10000.0,0.0,0.0,92.0,3000.0,41.0,50.0
139,32.4,0.97,10000.0,0.0,0.0,92.0,3000.0,41.0,50.0
140,29.9,0.98,1000.0,0.0,0.0,3.0,400.0,4.0,3.0
141,119.0,0.98,10000.0,0.0,0.0,28.0,3000.0,27.0,27.0
142,79.0,0.98,30000.0,307.0,1.0,98.0,10000.0,100.0,100.0
143,69.0,0.98,10000.0,128.0,0.0,41.0,7000.0,66.0,75.0
144,98.0,0.97,51.0,0.0,0.0,1.0,30.0,0.0,1.0
145,66.0,0.97,1000.0,0.0,0.0,9.0,200.0,4.0,2.0
146,59.0,0.98,1000.0,7.0,0.0,9.0,600.0,4.0,3.0
147,54.9,0.99,1000.0,0.0,0.0,9.0,700.0,3.0,3.0
148,38.9,0.97,3000.0,0.0,0.0,4.0,700.0,11.0,8.0
149,29.9,0.97,3000.0,0.0,0.0,28.0,700.0,10.0,8.0
150,69.9,0.98,6000.0,0.0,0.0,14.0,1000.0,17.0,10.0
151,85.0,0.98,10000.0,0.0,0.0,35.0,5000.0,30.0,30.0
152,39.9,0.99,10000.0,0.0,0.0,39.0,5000.0,25.0,25.0
153,35.8,0.97,60000.0,500.0,0.0,200.0,20000.0,200.0,200.0
154,39.0,0.97,60000.0,500.0,0.0,200.0,20000.0,200.0,200.0
155,34.9,0.97,8000.0,121.0,0.0,24.0,3000.0,73.0,38.0
156,59.9,0.98,6000.0,0.0,0.0,14.0,1000.0,17.0,10.0
157,129.0,1.0,300.0,0.0,0.0,2.0,100.0,0.0,0.0
158,89.0,1.0,300.0,0.0,0.0,2.0,98.0,0.0,0.0
159,80.0,0.98,1000000.0,500.0,12.0,3000.0,1000000.0,10000.0,7000.0
160,65.0,0.98,20000.0,0.0,0.0,78.0,20000.0,100.0,100.0
161,79.0,0.98,10000.0,60.0,0.0,51.0,6000.0,52.0,47.0
162,79.0,0.98,700.0,0.0,0.0,2.0,600.0,1.0,6.0
163,58.65,0.98,6000.0,0.0,0.0,2.0,500.0,2.0,4.0
164,41.0,1.0,500.0,0.0,0.0,0.0,300.0,0.0,0.0
165,99.0,0.99,50000.0,209.0,0.0,200.0,30000.0,88.0,100.0
166,43.9,0.97,1000.0,5.0,0.0,1.0,1000.0,11.0,11.0
167,199.0,0.99,50000.0,209.0,0.0,200.0,30000.0,88.0,100.0
168,39.9,0.97,70000.0,500.0,1.0,300.0,50000.0,1000.0,400.0
169,79.9,0.97,500.0,0.0,0.0,6.0,100.0,2.0,1.0
170,37.0,1.0,500.0,0.0,0.0,0.0,300.0,0.0,0.0
171,25.0,0.97,10000.0,0.0,0.0,11.0,2000.0,41.0,24.0
172,15.0,0.97,70000.0,500.0,1.0,300.0,50000.0,1000.0,400.0
173,16.0,0.97,70000.0,500.0,1.0,300.0,50000.0,1000.0,400.0
174,49.0,1.0,300.0,0.0,0.0,2.0,100.0,0.0,0.0
175,19.9,0.98,20000.0,0.0,0.0,14.0,2000.0,17.0,19.0
176,29.0,0.97,300000.0,500.0,6.0,1000.0,200000.0,2000.0,2000.0
177,23.9,0.97,1000.0,5.0,0.0,1.0,1000.0,11.0,11.0
178,10.0,0.98,2000.0,0.0,0.0,3.0,700.0,9.0,6.0
179,25.8,0.97,300000.0,500.0,6.0,1000.0,200000.0,2000.0,2000.0
180,49.9,0.98,10000.0,60.0,0.0,51.0,6000.0,53.0,47.0
181,25.9,0.97,300000.0,500.0,6.0,1000.0,200000.0,2000.0,2000.0
182,25.0,0.97,70000.0,500.0,1.0,300.0,50000.0,1000.0,400.0
183,9.9,0.97,70000.0,500.0,1.0,300.0,50000.0,1000.0,400.0
184,5.9,0.96,90000.0,381.0,1.0,200.0,60000.0,1000.0,1000.0
185,26.0,0.97,300000.0,500.0,6.0,1000.0,200000.0,2000.0,2000.0
186,8.41,0.98,6000.0,0.0,0.0,2.0,500.0,2.0,4.0
187,142.9,0.97,60000.0,150.0,0.0,100.0,10000.0,200.0,200.0
188,39.9,0.98,6000.0,0.0,0.0,14.0,1000.0,17.0,10.0
189,29.9,0.97,1000.0,26.0,0.0,2.0,1000.0,10.0,13.0
190,75.0,0.96,100.0,0.0,0.0,1.0,27.0,1.0,0.0
191,98.0,0.96,400.0,0.0,0.0,1.0,73.0,3.0,0.0
192,199.0,0.99,4000.0,0.0,0.0,31.0,2000.0,7.0,9.0
193,45.9,0.98,1000.0,0.0,0.0,3.0,300.0,3.0,2.0
194,29.8,0.9500000000000001,100.0,0.0,0.0,0.0,21.0,0.0,1.0
195,39.9,0.9500000000000001,4000.0,0.0,0.0,20.0,700.0,13.0,22.0
196,56.0,0.97,10000.0,111.0,0.0,36.0,10000.0,100.0,100.0
197,36.9,0.98,3000.0,0.0,0.0,6.0,500.0,6.0,6.0
198,49.9,0.98,1000.0,0.0,0.0,2.0,100.0,2.0,1.0
199,35.0,0.98,20000.0,50.0,2.0,82.0,10000.0,96.0,99.0
200,49.0,1.0,100.0,0.0,0.0,1.0,74.0,0.0,0.0
201,35.0,1.0,300.0,0.0,0.0,2.0,88.0,0.0,0.0
202,12.0,0.97,1000.0,0.0,0.0,3.0,400.0,6.0,5.0
203,69.0,0.97,900.0,0.0,0.0,5.0,200.0,1.0,5.0
204,129.9,1.0,100.0,0.0,0.0,0.0,39.0,0.0,0.0
205,79.0,0.97,300.0,0.0,0.0,0.0,66.0,1.0,1.0
206,29.0,0.96,1000.0,0.0,0.0,3.0,200.0,5.0,5.0
207,49.0,0.98,100000.0,0.0,0.0,200.0,20000.0,200.0,200.0
208,79.0,0.98,20000.0,0.0,0.0,40.0,6000.0,65.0,56.0
209,118.0,0.93,30000.0,0.0,0.0,100.0,5000.0,100.0,200.0
210,35.0,0.98,300.0,0.0,0.0,1.0,63.0,0.0,1.0
211,12.9,0.98,30000.0,368.0,1.0,100.0,10000.0,100.0,94.0
212,13.9,0.97,300.0,0.0,0.0,1.0,75.0,0.0,2.0
213,11.0,0.93,200.0,0.0,0.0,1.0,54.0,2.0,2.0
214,66.0,0.99,9000.0,0.0,0.0,100.0,6000.0,7.0,18.0
215,39.9,0.97,200000.0,500.0,7.0,1000.0,100000.0,1000.0,1000.0
216,59.9,0.98,90000.0,0.0,0.0,100.0,20000.0,100.0,200.0
217,128.0,0.99,100000.0,500.0,1.0,200.0,70000.0,300.0,300.0
218,25.88,0.97,3000.0,0.0,0.0,29.0,700.0,10.0,8.0
219,39.9,0.97,40000.0,0.0,0.0,100.0,10000.0,100.0,100.0
220,89.0,0.98,400.0,0.0,0.0,1.0,99.0,1.0,1.0
221,15.9,0.98,70000.0,0.0,0.0,100.0,30000.0,200.0,100.0
222,45.0,0.97,600.0,5.0,0.0,2.0,200.0,2.0,4.0
223,65.0,0.8300000000000001,26.0,0.0,0.0,0.0,5.0,1.0,0.0
224,25.9,0.97,1000.0,14.0,0.0,8.0,900.0,12.0,10.0
225,69.9,0.97,1000.0,32.0,0.0,7.0,900.0,12.0,15.0
226,89.9,0.98,90000.0,0.0,0.0,100.0,20000.0,100.0,200.0
227,0.98,0.93,100.0,0.0,0.0,0.0,29.0,1.0,1.0
228,65.0,1.0,91.0,0.0,0.0,1.0,28.0,0.0,0.0
229,48.0,0.98,10000.0,473.0,0.0,33.0,6000.0,42.0,37.0
230,38.9,0.97,3000.0,0.0,0.0,6.0,500.0,6.0,6.0
231,29.9,0.96,300.0,5.0,0.0,0.0,100.0,2.0,4.0
232,78.0,0.97,5000.0,0.0,0.0,22.0,1000.0,13.0,14.0
233,109.0,0.98,10000.0,418.0,2.0,100.0,10000.0,96.0,100.0
234,16.9,0.97,10000.0,0.0,0.0,45.0,5000.0,78.0,86.0
235,56.5,0.97,4000.0,0.0,0.0,22.0,1000.0,17.0,11.0
236,49.0,0.98,100000.0,0.0,0.0,300.0,60000.0,300.0,600.0
237,12.9,0.97,1000.0,0.0,0.0,0.0,200.0,4.0,3.0
238,168.0,0.99,100000.0,500.0,1.0,200.0,70000.0,300.0,300.0
239,79.9,0.97,2000.0,0.0,0.0,10.0,400.0,5.0,8.0
240,69.0,0.97,2000.0,0.0,0.0,7.0,400.0,9.0,6.0
241,68.0,0.98,10000.0,0.0,0.0,33.0,2000.0,16.0,29.0
242,59.9,0.97,90000.0,500.0,0.0,300.0,50000.0,800.0,600.0
243,169.0,0.99,4000.0,0.0,0.0,31.0,2000.0,7.0,9.0
244,49.0,0.9500000000000001,200.0,0.0,0.0,0.0,38.0,1.0,1.0
245,30.0,0.98,2000.0,0.0,0.0,2.0,300.0,3.0,3.0
246,55.0,0.98,200000.0,195.0,1.0,700.0,100000.0,1000.0,1000.0
247,9.9,0.97,30000.0,0.0,0.0,36.0,6000.0,100.0,89.0
248,99.9,0.9400000000000001,10000.0,0.0,0.0,96.0,6000.0,65.0,300.0
249,61.9,0.98,4000.0,20.0,0.0,11.0,2000.0,14.0,14.0
250,46.6,0.97,7000.0,0.0,0.0,23.0,1000.0,20.0,25.0
251,9.9,0.98,20000.0,0.0,0.0,40.0,6000.0,65.0,56.0
252,79.0,1.0,300.0,0.0,0.0,0.0,65.0,0.0,0.0
253,19.9,0.93,2000.0,0.0,0.0,9.0,500.0,18.0,17.0
254,59.9,0.98,200000.0,195.0,1.0,700.0,100000.0,1000.0,1000.0
255,59.0,0.96,3000.0,0.0,0.0,9.0,700.0,7.0,16.0
256,49.9,0.98,2000.0,17.0,0.0,10.0,1000.0,8.0,14.0
257,72.0,0.97,1000.0,0.0,0.0,2.0,300.0,5.0,4.0
258,37.9,0.98,2000.0,0.0,0.0,8.0,500.0,7.0,3.0
259,79.9,0.9500000000000001,10000.0,0.0,0.0,74.0,3000.0,57.0,87.0
260,59.9,0.96,900.0,0.0,0.0,4.0,100.0,3.0,3.0
261,168.0,0.99,20000.0,38.0,0.0,76.0,10000.0,28.0,34.0
262,39.9,0.9,200.0,2.0,0.0,2.0,76.0,3.0,5.0
263,9.9,1.0,91.0,0.0,0.0,0.0,30.0,0.0,0.0
264,109.0,1.0,100.0,0.0,0.0,0.0,20.0,0.0,0.0
265,43.9,0.98,9000.0,0.0,0.0,26.0,1000.0,19.0,14.0
266,47.8,0.98,70000.0,0.0,0.0,200.0,20000.0,200.0,200.0
267,49.0,0.97,400.0,0.0,0.0,1.0,100.0,2.0,1.0
268,59.9,0.98,1000.0,0.0,0.0,3.0,600.0,3.0,5.0
269,15.9,0.98,30000.0,368.0,1.0,100.0,10000.0,100.0,94.0
270,39.8,0.98,500.0,0.0,0.0,4.0,100.0,0.0,3.0
271,34.9,1.0,37.0,0.0,0.0,0.0,9.0,0.0,0.0
272,19.9,0.99,7000.0,0.0,0.0,21.0,4000.0,23.0,10.0
273,39.0,1.0,200.0,0.0,0.0,0.0,88.0,0.0,0.0
274,9.0,0.97,20000.0,0.0,0.0,51.0,8000.0,89.0,82.0
275,90.0,0.97,6000.0,0.0,0.0,6.0,800.0,9.0,12.0
276,49.0,1.0,75.0,0.0,0.0,0.0,17.0,0.0,0.0
277,199.0,0.98,10000.0,0.0,0.0,200.0,8000.0,37.0,61.0
278,69.9,0.98,8000.0,0.0,0.0,24.0,5000.0,36.0,54.0
279,89.0,1.0,100.0,0.0,0.0,1.0,31.0,0.0,0.0
280,99.0,0.99,3000.0,71.0,0.0,5.0,1000.0,7.0,9.0
281,0.99,0.98,200.0,0.0,0.0,1.0,51.0,0.0,1.0
282,19.9,0.97,200.0,0.0,0.0,1.0,36.0,0.0,1.0
283,39.9,0.99,3000.0,51.0,0.0,17.0,2000.0,11.0,10.0
284,25.0,0.97,10000.0,0.0,0.0,68.0,3000.0,46.0,56.0
285,39.0,0.97,100.0,0.0,0.0,0.0,45.0,0.0,1.0
286,98.0,0.97,500.0,0.0,0.0,0.0,100.0,2.0,1.0
287,79.0,0.98,300.0,0.0,0.0,1.0,68.0,0.0,1.0
288,69.9,1.0,31.0,0.0,0.0,0.0,29.0,0.0,0.0
289,200.0,1.0,200.0,0.0,0.0,0.0,71.0,0.0,0.0
290,9.9,0.97,3000.0,60.0,0.0,18.0,1000.0,23.0,27.0
291,89.9,0.97,10000.0,0.0,0.0,100.0,4000.0,46.0,68.0
292,99.0,0.99,10000.0,0.0,0.0,52.0,6000.0,27.0,22.0
293,49.0,0.98,100000.0,0.0,0.0,300.0,60000.0,300.0,600.0
294,51.9,0.96,1000.0,0.0,0.0,2.0,200.0,6.0,4.0
295,79.9,0.96,70000.0,500.0,1.0,200.0,50000.0,1000.0,800.0
296,49.9,0.99,9000.0,0.0,0.0,18.0,6000.0,17.0,20.0
297,199.0,0.9500000000000001,1000.0,0.0,0.0,3.0,200.0,3.0,8.0
298,89.9,0.9500000000000001,1000.0,0.0,0.0,3.0,200.0,3.0,8.0
299,22.5,0.9500000000000001,700.0,0.0,0.0,3.0,100.0,5.0,2.0
300,35.0,1.0,100.0,0.0,0.0,1.0,36.0,0.0,0.0
301,49.9,0.99,20000.0,0.0,0.0,10.0,3000.0,13.0,4.0
302,44.9,0.98,2000.0,0.0,0.0,6.0,400.0,4.0,2.0
303,108.0,0.97,100.0,0.0,0.0,1.0,88.0,0.0,2.0
304,69.0,0.98,200.0,0.0,0.0,7.0,100.0,0.0,2.0
305,28.0,0.98,4000.0,1.0,0.0,18.0,2000.0,22.0,15.0
306,59.9,0.96,900.0,0.0,0.0,4.0,100.0,3.0,3.0
307,34.9,0.97,200.0,0.0,0.0,0.0,38.0,1.0,0.0
308,9.9,0.98,10000.0,0.0,0.0,45.0,3000.0,33.0,20.0
309,9.0,0.97,40000.0,500.0,0.0,100.0,30000.0,500.0,300.0
310,29.0,0.99,1000.0,0.0,0.0,4.0,300.0,0.0,2.0
311,299.0,0.99,40000.0,278.0,0.0,100.0,20000.0,100.0,100.0
312,45.0,0.98,2000.0,3.0,0.0,15.0,1000.0,16.0,9.0
313,69.9,0.97,10000.0,0.0,0.0,81.0,4000.0,56.0,58.0
314,29.0,0.98,100000.0,14.0,1.0,300.0,40000.0,300.0,300.0
315,24.0,0.97,70000.0,500.0,1.0,300.0,50000.0,1000.0,400.0
316,129.0,0.97,500.0,0.0,0.0,1.0,100.0,1.0,4.0
317,49.0,1.0,200.0,0.0,0.0,0.0,91.0,0.0,0.0
318,15.0,0.97,20000.0,500.0,1.0,66.0,10000.0,200.0,100.0
319,25.0,0.98,10000.0,0.0,0.0,45.0,3000.0,33.0,20.0
320,49.0,0.99,3000.0,71.0,0.0,5.0,1000.0,7.0,9.0
321,89.0,0.98,100000.0,0.0,0.0,300.0,60000.0,300.0,600.0
322,69.9,0.99,10000.0,1.0,0.0,40.0,7000.0,28.0,36.0
323,109.9,1.0,500.0,0.0,0.0,3.0,100.0,0.0,0.0
324,99.0,0.98,7000.0,0.0,0.0,43.0,3000.0,16.0,20.0
325,0.87,1.0,42.0,0.0,0.0,0.0,5.0,0.0,0.0
326,71.0,0.97,500.0,0.0,0.0,0.0,96.0,2.0,0.0
327,128.0,0.97,400.0,0.0,0.0,1.0,79.0,2.0,0.0
328,129.9,0.96,10000.0,0.0,0.0,39.0,2000.0,26.0,57.0
329,65.9,1.0,200.0,0.0,0.0,1.0,55.0,0.0,0.0
330,79.9,0.97,10000.0,0.0,0.0,81.0,4000.0,56.0,58.0
331,79.0,0.97,10000.0,58.0,0.0,18.0,7000.0,80.0,73.0
332,49.9,0.9400000000000001,10000.0,0.0,0.0,96.0,6000.0,65.0,300.0
333,129.9,0.98,1000.0,0.0,0.0,8.0,200.0,1.0,3.0
334,45.9,0.97,3000.0,0.0,0.0,4.0,700.0,11.0,8.0
335,79.0,0.9,42.0,0.0,0.0,0.0,10.0,1.0,0.0
336,20.0,0.96,300.0,6.0,0.0,0.0,100.0,5.0,3.0
337,79.0,0.9500000000000001,100.0,0.0,0.0,0.0,19.0,1.0,0.0
338,47.9,0.96,1000.0,0.0,0.0,2.0,200.0,7.0,4.0
339,43.0,0.99,100000.0,459.0,0.0,100.0,40000.0,200.0,100.0
340,39.9,0.97,3000.0,0.0,0.0,28.0,700.0,10.0,8.0
341,49.0,0.99,6000.0,111.0,0.0,36.0,4000.0,15.0,24.0
342,49.9,1.0,200.0,0.0,0.0,1.0,74.0,0.0,0.0
343,99.0,0.93,100.0,0.0,0.0,0.0,28.0,1.0,1.0
344,39.9,0.97,10000.0,0.0,0.0,45.0,5000.0,78.0,86.0
345,49.9,0.9500000000000001,10000.0,0.0,0.0,74.0,3000.0,57.0,87.0
346,59.0,0.97,20000.0,500.0,1.0,66.0,10000.0,200.0,100.0
347,39.9,0.99,50000.0,209.0,0.0,200.0,30000.0,88.0,100.0
348,109.0,0.9400000000000001,73.0,0.0,0.0,0.0,18.0,0.0,1.0
349,33.9,1.0,100.0,0.0,0.0,0.0,35.0,0.0,0.0
350,7.4,0.98,10000.0,36.0,0.0,47.0,5000.0,58.0,49.0
351,79.0,1.0,100.0,0.0,0.0,0.0,21.0,0.0,0.0
352,35.0,0.98,9000.0,90.0,0.0,31.0,5000.0,51.0,28.0
353,12.8,1.0,68.0,0.0,0.0,0.0,16.0,0.0,0.0
354,69.0,0.97,200.0,0.0,0.0,0.0,37.0,1.0,0.0
355,58.0,0.99,200.0,1.0,0.0,2.0,100.0,0.0,1.0
356,208.0,0.99,2000.0,0.0,0.0,7.0,400.0,1.0,0.0
357,65.0,0.99,600.0,0.0,0.0,0.0,100.0,0.0,1.0
358,78.0,0.98,400000.0,500.0,5.0,1000.0,200000.0,1000.0,1000.0
359,225.6,0.98,700.0,0.0,0.0,0.0,82.0,0.0,1.0
360,18.8,0.97,600.0,0.0,0.0,4.0,200.0,4.0,1.0
361,149.9,0.98,700.0,0.0,0.0,2.0,100.0,0.0,2.0
362,39.9,0.98,300.0,0.0,0.0,3.0,83.0,1.0,0.0
363,99.5,0.93,100.0,0.0,0.0,0.0,27.0,0.0,2.0
364,158.0,1.0,49.0,0.0,0.0,2.0,20.0,0.0,0.0
365,48.0,1.0,600.0,0.0,0.0,5.0,200.0,0.0,0.0
366,99.0,0.98,3000.0,0.0,0.0,48.0,1000.0,7.0,16.0
367,68.0,0.99,600.0,0.0,0.0,7.0,300.0,2.0,1.0
368,29.0,0.98,200000.0,195.0,1.0,700.0,100000.0,1000.0,1000.0
369,178.0,1.0,66.0,0.0,0.0,0.0,10.0,0.0,0.0
370,37.9,0.97,30000.0,500.0,0.0,34.0,20000.0,300.0,200.0
371,49.0,0.99,500.0,0.0,0.0,1.0,100.0,0.0,1.0
372,28.5,0.96,1000.0,0.0,0.0,2.0,200.0,6.0,5.0
373,52.9,0.97,6000.0,175.0,0.0,19.0,4000.0,60.0,57.0
374,49.9,0.97,300.0,0.0,0.0,3.0,100.0,2.0,1.0
375,58.0,0.98,1000.0,8.0,0.0,5.0,400.0,3.0,2.0
376,35.0,0.99,1000.0,9.0,0.0,13.0,900.0,1.0,1.0
377,59.0,0.96,3000.0,0.0,0.0,9.0,700.0,7.0,16.0
378,29.9,1.0,91.0,0.0,0.0,0.0,24.0,0.0,0.0
379,52.9,0.9,200.0,2.0,0.0,2.0,77.0,3.0,5.0
380,25.0,0.98,10000.0,0.0,0.0,45.0,3000.0,33.0,20.0
381,59.0,1.0,100.0,0.0,0.0,3.0,100.0,0.0,0.0
382,49.9,0.96,200.0,0.0,0.0,0.0,57.0,2.0,0.0
383,23.9,0.93,2000.0,0.0,0.0,9.0,500.0,18.0,17.0
384,41.9,0.9500000000000001,1000.0,0.0,0.0,6.0,300.0,8.0,6.0
385,55.0,0.96,3000.0,0.0,0.0,9.0,700.0,7.0,16.0
386,49.0,0.99,1000000.0,500.0,14.0,3000.0,1000000.0,5000.0,5000.0
387,268.0,1.0,49.0,0.0,0.0,2.0,20.0,0.0,0.0
388,95.0,0.98,9000.0,115.0,0.0,20.0,4000.0,24.0,25.0
389,59.0,0.98,2000.0,0.0,0.0,12.0,600.0,9.0,2.0
390,28.9,1.0,11.0,0.0,0.0,0.0,4.0,0.0,0.0
391,59.9,0.9500000000000001,300.0,0.0,0.0,0.0,20.0,0.0,1.0
392,130.0,0.98,6000.0,398.0,0.0,25.0,4000.0,42.0,35.0
393,69.0,0.96,3000.0,0.0,0.0,9.0,700.0,7.0,16.0
394,9.0,0.96,300.0,0.0,0.0,0.0,100.0,4.0,1.0
395,4.53,0.98,1000.0,0.0,0.0,8.0,800.0,3.0,7.0
396,21.9,1.0,200.0,0.0,0.0,1.0,54.0,0.0,0.0
397,29.0,0.98,200000.0,195.0,1.0,700.0,100000.0,1000.0,1000.0
398,59.9,0.98,9000.0,0.0,0.0,26.0,1000.0,19.0,14.0
399,39.9,0.96,1000.0,0.0,0.0,2.0,300.0,8.0,7.0
400,49.9,1.0,300.0,0.0,0.0,8.0,100.0,0.0,0.0
401,499.0,0.99,200.0,10.0,0.0,1.0,100.0,0.0,1.0
402,39.9,0.96,2000.0,0.0,0.0,13.0,500.0,11.0,6.0
403,65.0,0.98,2000.0,0.0,0.0,12.0,600.0,9.0,2.0
404,15.8,0.97,10000.0,479.0,0.0,54.0,7000.0,100.0,72.0
405,118.0,0.96,400.0,0.0,0.0,1.0,73.0,3.0,0.0
406,79.9,0.98,8000.0,0.0,0.0,42.0,4000.0,25.0,46.0
407,36.0,0.99,10000.0,148.0,0.0,43.0,6000.0,31.0,21.0
408,89.0,0.97,800.0,0.0,0.0,3.0,200.0,3.0,3.0
409,45.0,0.98,400.0,0.0,0.0,0.0,86.0,1.0,0.0
410,89.0,0.99,3000.0,0.0,0.0,27.0,2000.0,2.0,4.0
411,29.0,0.97,40000.0,0.0,0.0,100.0,10000.0,100.0,100.0
412,44.9,0.96,2000.0,0.0,0.0,2.0,300.0,8.0,7.0
413,16.0,0.98,30000.0,191.0,1.0,100.0,20000.0,100.0,100.0
414,59.9,0.98,800.0,0.0,0.0,6.0,200.0,1.0,3.0
415,58.9,0.96,1000.0,0.0,0.0,2.0,200.0,6.0,4.0
416,79.0,0.97,10000.0,58.0,0.0,18.0,7000.0,80.0,73.0
417,29.9,0.98,200000.0,195.0,1.0,700.0,100000.0,1000.0,1000.0
418,49.9,0.99,20000.0,0.0,0.0,10.0,3000.0,13.0,4.0
419,148.0,0.99,2000.0,0.0,0.0,7.0,400.0,1.0,0.0
420,88.0,0.96,20000.0,0.0,0.0,90.0,5000.0,71.0,100.0
421,112.0,0.99,3000.0,6.0,0.0,11.0,2000.0,6.0,8.0
422,34.9,0.9400000000000001,500.0,0.0,0.0,4.0,100.0,6.0,2.0
423,35.9,0.9500000000000001,200.0,0.0,0.0,0.0,45.0,1.0,1.0
424,49.9,1.0,200.0,0.0,0.0,1.0,56.0,0.0,0.0
425,49.9,0.99,20000.0,0.0,0.0,10.0,3000.0,13.0,4.0
426,27.9,0.96,1000.0,0.0,0.0,2.0,200.0,6.0,5.0
427,129.0,0.98,1000.0,0.0,0.0,3.0,200.0,4.0,1.0
428,148.0,0.97,1000.0,0.0,0.0,0.0,100.0,2.0,1.0
429,113.0,0.97,7000.0,0.0,0.0,23.0,1000.0,20.0,25.0
430,33.6,1.0,27.0,0.0,0.0,1.0,7.0,0.0,0.0
431,39.8,0.98,6000.0,0.0,0.0,53.0,5000.0,38.0,20.0
432,36.9,0.99,10000.0,0.0,0.0,51.0,4000.0,16.0,17.0
433,17.9,0.99,400.0,0.0,0.0,0.0,100.0,1.0,0.0
434,12.9,0.96,100.0,0.0,0.0,0.0,28.0,1.0,0.0
435,25.0,0.9500000000000001,50000.0,500.0,1.0,100.0,30000.0,900.0,700.0
436,61.9,0.98,3000.0,35.0,0.0,12.0,2000.0,23.0,17.0
437,79.0,0.99,20000.0,33.0,0.0,56.0,7000.0,38.0,28.0
438,75.65,1.0,800.0,0.0,0.0,3.0,100.0,0.0,0.0
439,52.9,0.96,1000.0,0.0,0.0,2.0,200.0,6.0,4.0
440,23.9,0.9500000000000001,1000.0,0.0,0.0,6.0,300.0,8.0,6.0
441,16.0,0.98,30000.0,191.0,1.0,100.0,20000.0,100.0,100.0
442,49.0,0.96,3000.0,0.0,0.0,9.0,700.0,7.0,16.0
443,59.0,0.96,200.0,0.0,0.0,0.0,26.0,1.0,0.0
444,49.9,0.99,20000.0,0.0,0.0,10.0,3000.0,13.0,4.0
445,13.9,0.9,300.0,0.0,0.0,1.0,90.0,3.0,6.0
446,75.6,0.97,300.0,0.0,0.0,3.0,74.0,1.0,1.0
447,138.0,0.99,2000.0,0.0,0.0,12.0,1000.0,6.0,5.0
448,65.0,0.9400000000000001,100.0,0.0,0.0,0.0,32.0,1.0,1.0
449,61.9,0.98,10000.0,72.0,0.0,35.0,7000.0,43.0,42.0
450,32.0,0.9500000000000001,2000.0,4.0,0.0,10.0,1000.0,24.0,46.0
451,43.8,1.0,300.0,0.0,0.0,1.0,29.0,0.0,0.0
452,18.0,0.98,4000.0,0.0,0.0,8.0,2000.0,15.0,19.0
453,144.0,0.98,600.0,0.0,0.0,1.0,100.0,0.0,2.0
454,49.9,0.98,4000.0,0.0,0.0,13.0,1000.0,11.0,12.0
455,69.9,0.97,700.0,0.0,0.0,7.0,200.0,4.0,2.0
456,79.0,0.97,30000.0,500.0,0.0,83.0,20000.0,400.0,400.0
457,139.0,0.97,3000.0,0.0,0.0,4.0,700.0,11.0,8.0
458,45.0,0.99,1000.0,9.0,0.0,13.0,900.0,1.0,1.0
459,59.0,0.99,300.0,0.0,0.0,1.0,100.0,1.0,0.0
460,38.0,0.98,10000.0,473.0,0.0,33.0,6000.0,42.0,37.0
461,49.0,0.99,400.0,0.0,0.0,1.0,100.0,1.0,0.0
462,29.0,0.96,200.0,0.0,0.0,1.0,51.0,1.0,1.0
463,19.9,0.97,400.0,0.0,0.0,1.0,90.0,1.0,1.0
464,59.0,0.98,400.0,0.0,0.0,1.0,100.0,1.0,1.0
465,51.9,0.98,7000.0,29.0,0.0,35.0,4000.0,34.0,33.0
466,199.0,0.98,1000.0,0.0,0.0,4.0,300.0,1.0,5.0
467,42.0,0.99,9000.0,0.0,0.0,100.0,5000.0,17.0,22.0
468,35.0,0.97,900.0,0.0,0.0,3.0,100.0,1.0,3.0
469,139.0,0.98,200.0,0.0,0.0,0.0,53.0,0.0,1.0
470,49.9,0.97,3000.0,0.0,0.0,29.0,700.0,10.0,8.0
471,39.8,0.97,2000.0,0.0,0.0,7.0,500.0,10.0,6.0
472,59.0,0.91,100.0,0.0,0.0,0.0,21.0,1.0,1.0
473,15.8,0.97,10000.0,479.0,0.0,54.0,7000.0,100.0,72.0
474,129.9,0.9400000000000001,200.0,0.0,0.0,0.0,37.0,1.0,1.0
475,200.0,0.99,2000.0,0.0,0.0,12.0,1000.0,6.0,5.0
476,64.9,0.97,2000.0,6.0,0.0,11.0,1000.0,30.0,15.0
477,72.0,0.97,2000.0,0.0,0.0,7.0,600.0,9.0,5.0
478,35.0,0.99,9000.0,92.0,1.0,40.0,6000.0,30.0,31.0
479,58.0,0.98,10000.0,46.0,0.0,64.0,10000.0,56.0,91.0
480,49.9,1.0,200.0,0.0,0.0,1.0,74.0,0.0,0.0
481,99.0,0.96,85.0,0.0,0.0,0.0,25.0,0.0,1.0
482,78.0,0.97,2000.0,0.0,0.0,8.0,400.0,5.0,8.0
483,3.0,0.96,10000.0,28.0,0.0,70.0,10000.0,200.0,200.0
484,5.0,0.98,5000.0,4.0,0.0,25.0,2000.0,25.0,21.0
485,39.0,0.97,400.0,0.0,0.0,1.0,100.0,2.0,1.0
486,60.0,0.98,9000.0,90.0,0.0,31.0,5000.0,51.0,28.0
487,35.0,0.97,900.0,0.0,0.0,3.0,100.0,1.0,3.0
488,19.9,0.98,300.0,0.0,0.0,3.0,82.0,1.0,0.0
489,128.0,0.93,300.0,0.0,0.0,2.0,44.0,0.0,3.0
490,17.9,0.98,300.0,0.0,0.0,0.0,53.0,0.0,1.0
491,69.0,0.98,1000.0,0.0,0.0,4.0,300.0,1.0,5.0
492,49.9,0.97,40000.0,0.0,0.0,100.0,10000.0,100.0,100.0
493,39.9,0.96,100.0,0.0,0.0,0.0,25.0,0.0,1.0
494,71.0,1.0,42.0,0.0,0.0,0.0,2.0,0.0,0.0
495,99.9,0.9500000000000001,700.0,0.0,0.0,2.0,100.0,4.0,2.0
496,19.9,1.0,57.0,0.0,0.0,0.0,13.0,0.0,0.0
497,16.9,0.98,4000.0,0.0,0.0,9.0,1000.0,11.0,6.0
498,241.0,0.99,100000.0,0.0,0.0,600.0,70000.0,200.0,200.0
499,49.0,0.99,3000.0,71.0,0.0,5.0,1000.0,7.0,9.0
500,69.0,0.98,4000.0,0.0,0.0,9.0,800.0,5.0,9.0
501,68.0,0.99,4000.0,0.0,0.0,11.0,1000.0,6.0,4.0
502,49.9,0.99,500.0,0.0,0.0,14.0,100.0,0.0,1.0
503,109.0,0.98,1000.0,0.0,0.0,12.0,400.0,5.0,1.0
504,29.0,0.98,1000.0,0.0,0.0,10.0,400.0,4.0,3.0
505,168.0,0.96,400.0,0.0,0.0,1.0,74.0,3.0,0.0
506,65.0,0.97,500.0,0.0,0.0,0.0,86.0,1.0,1.0
507,96.0,0.97,1000.0,0.0,0.0,2.0,300.0,5.0,4.0
508,9.0,0.98,30000.0,191.0,1.0,100.0,20000.0,100.0,100.0
509,52.9,0.9400000000000001,300.0,0.0,0.0,2.0,100.0,5.0,1.0
510,16.0,0.98,30000.0,191.0,1.0,100.0,20000.0,100.0,100.0
511,599.0,0.99,600.0,0.0,0.0,1.0,500.0,0.0,1.0
512,39.9,0.96,300.0,5.0,0.0,0.0,100.0,2.0,4.0
513,49.9,0.96,100.0,0.0,0.0,0.0,25.0,0.0,1.0
514,118.0,0.99,500.0,0.0,0.0,0.0,300.0,0.0,1.0
515,93.9,0.98,7000.0,0.0,0.0,16.0,3000.0,17.0,19.0
516,39.0,0.97,10000.0,58.0,0.0,18.0,7000.0,80.0,73.0
517,59.0,0.98,30000.0,115.0,0.0,100.0,20000.0,100.0,200.0
518,49.9,0.99,20000.0,0.0,0.0,10.0,3000.0,13.0,4.0
519,33.98,0.97,3000.0,0.0,0.0,29.0,700.0,10.0,8.0
520,298.0,0.97,2000.0,0.0,0.0,8.0,400.0,5.0,8.0
521,96.8,0.98,70000.0,0.0,0.0,200.0,20000.0,200.0,200.0
522,65.0,0.98,10000.0,361.0,0.0,85.0,7000.0,51.0,52.0
523,179.0,0.97,10000.0,0.0,0.0,18.0,2000.0,30.0,19.0
524,299.0,1.0,100.0,0.0,0.0,0.0,54.0,0.0,0.0
525,99.0,1.0,47.0,0.0,0.0,0.0,12.0,0.0,0.0
526,46.9,0.99,4000000.0,457.0,0.0,60.0,1000000.0,200.0,100.0
527,58.9,0.96,300.0,0.0,0.0,1.0,64.0,1.0,1.0
528,200.0,0.99,2000.0,0.0,0.0,12.0,1000.0,6.0,5.0
529,14.9,0.93,2000.0,0.0,0.0,9.0,500.0,18.0,17.0
530,24.8,0.97,300.0,0.0,0.0,0.0,67.0,0.0,2.0
531,9.0,0.99,3000.0,0.0,0.0,23.0,1000.0,6.0,2.0
532,35.0,0.97,1000.0,12.0,0.0,5.0,600.0,9.0,4.0
533,4.9,0.96,1000.0,0.0,0.0,3.0,200.0,4.0,6.0
534,136.0,0.98,20000.0,0.0,0.0,200.0,5000.0,28.0,40.0
535,36.9,0.97,3000.0,0.0,0.0,6.0,500.0,6.0,6.0
536,58.9,0.96,700.0,0.0,0.0,2.0,100.0,4.0,2.0
537,49.9,0.96,3000.0,17.0,0.0,8.0,1000.0,29.0,18.0
538,89.0,0.9500000000000001,1000.0,0.0,0.0,1.0,200.0,1.0,11.0
539,69.0,1.0,27.0,0.0,0.0,0.0,4.0,0.0,0.0
540,80.0,0.98,9000.0,90.0,0.0,31.0,5000.0,51.0,28.0
541,67.9,0.97,7000.0,0.0,0.0,22.0,1000.0,21.0,21.0
542,159.0,0.81,52.0,0.0,0.0,0.0,9.0,0.0,2.0
543,104.9,0.96,200.0,0.0,0.0,1.0,63.0,2.0,0.0
544,139.0,0.99,30000.0,0.0,0.0,64.0,10000.0,49.0,80.0
545,5.0,0.98,10000.0,36.0,0.0,47.0,5000.0,58.0,49.0
546,57.0,0.98,70000.0,0.0,0.0,200.0,20000.0,200.0,200.0
547,89.0,1.0,100.0,0.0,0.0,0.0,21.0,0.0,0.0
548,99.0,0.98,300.0,0.0,0.0,1.0,200.0,2.0,1.0
549,99.0,0.9500000000000001,600.0,0.0,0.0,5.0,100.0,6.0,2.0
550,119.0,0.98,10000.0,0.0,0.0,28.0,3000.0,27.0,27.0
551,59.0,0.9,72.0,0.0,0.0,0.0,10.0,0.0,1.0
552,39.9,1.0,85.0,0.0,0.0,4.0,51.0,0.0,0.0
553,19.9,0.98,10000.0,0.0,0.0,37.0,4000.0,26.0,30.0
554,68.5,1.0,42.0,0.0,0.0,0.0,7.0,0.0,0.0
555,29.8,0.9500000000000001,100.0,0.0,0.0,0.0,21.0,0.0,1.0
556,22.0,0.99,10000.0,8.0,0.0,61.0,10000.0,45.0,51.0
557,88.0,0.98,2000.0,25.0,0.0,13.0,900.0,7.0,4.0
558,204.0,0.98,20000.0,0.0,0.0,200.0,5000.0,28.0,40.0
559,19.9,0.98,2000.0,0.0,0.0,7.0,700.0,7.0,5.0
560,138.0,1.0,3.0,0.0,0.0,0.0,1.0,0.0,0.0
561,49.9,0.9500000000000001,300.0,0.0,0.0,0.0,20.0,0.0,1.0
562,365.0,0.99,80000.0,1.0,1.0,200.0,30000.0,100.0,100.0
563,53.0,0.93,100.0,0.0,0.0,1.0,30.0,1.0,1.0
564,5.0,0.98,10000.0,36.0,0.0,47.0,5000.0,58.0,49.0
565,59.0,0.98,10000.0,0.0,0.0,200.0,8000.0,37.0,61.0
566,22.0,0.97,20000.0,449.0,0.0,100.0,10000.0,200.0,100.0
567,69.0,0.98,100000.0,313.0,1.0,400.0,50000.0,400.0,400.0
568,314.0,1.0,38.0,0.0,0.0,0.0,7.0,0.0,0.0
569,39.0,1.0,42.0,0.0,0.0,0.0,7.0,0.0,0.0
570,66.8,0.98,70000.0,0.0,0.0,200.0,20000.0,200.0,200.0
571,35.0,0.97,200.0,0.0,0.0,3.0,41.0,1.0,0.0
572,130.0,0.99,1000.0,0.0,0.0,5.0,200.0,0.0,1.0
573,19.9,0.92,1000.0,0.0,0.0,14.0,400.0,13.0,20.0
574,39.0,0.98,3000.0,68.0,0.0,11.0,2000.0,12.0,22.0
575,45.0,0.98,200.0,0.0,0.0,1.0,56.0,0.0,1.0
576,15.9,0.98,70000.0,500.0,1.0,100.0,50000.0,300.0,200.0
577,79.9,0.98,100000.0,500.0,4.0,300.0,80000.0,600.0,500.0
578,49.0,0.98,86.0,0.0,0.0,0.0,70.0,1.0,0.0
579,39.9,0.98,10000.0,0.0,0.0,20.0,4000.0,37.0,37.0
580,78.8,0.98,400.0,0.0,0.0,0.0,76.0,0.0,1.0
581,59.0,0.98,100000.0,316.0,0.0,400.0,80000.0,500.0,400.0
582,49.9,0.98,1000.0,0.0,0.0,3.0,600.0,3.0,5.0
583,59.9,0.98,600.0,0.0,0.0,0.0,100.0,2.0,1.0
584,55.0,0.98,200.0,1.0,0.0,0.0,100.0,1.0,1.0
585,16.0,0.98,30000.0,191.0,1.0,100.0,20000.0,100.0,100.0
586,54.9,0.9400000000000001,200.0,0.0,0.0,1.0,72.0,2.0,2.0
587,68.0,0.98,20000.0,63.0,2.0,64.0,10000.0,85.0,70.0
588,54.9,0.97,500.0,0.0,0.0,6.0,100.0,2.0,1.0
589,39.9,0.96,2000.0,0.0,0.0,13.0,500.0,11.0,6.0
590,39.9,0.98,20000.0,0.0,0.0,100.0,9000.0,70.0,100.0
591,79.9,0.98,10000.0,0.0,0.0,36.0,3000.0,23.0,21.0
592,32.9,0.98,1000.0,4.0,0.0,4.0,900.0,5.0,5.0
593,15.8,1.0,300.0,0.0,0.0,0.0,88.0,0.0,0.0
594,18.9,0.9500000000000001,1000.0,0.0,0.0,6.0,300.0,8.0,6.0
595,26.0,0.98,5000.0,0.0,0.0,9.0,1000.0,10.0,5.0
596,99.0,0.98,500.0,0.0,0.0,1.0,87.0,0.0,1.0
597,136.0,0.98,20000.0,63.0,2.0,64.0,10000.0,85.0,70.0
598,320.0,0.99,20000.0,38.0,0.0,76.0,10000.0,28.0,34.0
599,205.0,0.97,1000.0,0.0,0.0,7.0,400.0,4.0,7.0
600,88.0,1.0,59.0,0.0,0.0,0.0,15.0,0.0,0.0
601,49.9,0.99,20000.0,0.0,0.0,10.0,3000.0,13.0,4.0
602,39.0,0.9400000000000001,3000.0,0.0,0.0,17.0,800.0,20.0,28.0
603,25.9,0.97,1000.0,14.0,0.0,8.0,900.0,12.0,10.0
604,19.9,0.99,700.0,0.0,0.0,2.0,500.0,2.0,0.0
605,41.9,0.99,100000.0,459.0,0.0,100.0,40000.0,200.0,100.0
606,89.9,0.98,8000.0,0.0,0.0,42.0,4000.0,25.0,46.0
607,80.0,0.97,10000.0,0.0,0.0,18.0,2000.0,30.0,19.0
608,298.0,0.99,2000.0,0.0,0.0,12.0,1000.0,6.0,5.0
609,39.0,1.0,500.0,0.0,0.0,0.0,300.0,0.0,0.0
610,69.0,1.0,40.0,0.0,0.0,0.0,8.0,0.0,0.0
611,35.0,1.0,8.0,0.0,0.0,0.0,2.0,0.0,0.0
612,109.0,0.98,100000.0,0.0,0.0,300.0,60000.0,300.0,600.0
613,39.9,0.98,50000.0,3.0,0.0,97.0,20000.0,100.0,100.0
614,59.9,0.97,4000.0,0.0,0.0,21.0,1000.0,18.0,20.0
615,28.0,0.97,300.0,0.0,0.0,0.0,86.0,1.0,1.0
616,139.0,0.98,10000.0,0.0,0.0,25.0,2000.0,18.0,21.0
617,89.0,0.97,700.0,0.0,0.0,3.0,100.0,0.0,4.0
618,23.0,0.98,20000.0,50.0,2.0,82.0,10000.0,96.0,99.0
619,169.0,0.98,400000.0,500.0,5.0,1000.0,200000.0,1000.0,1000.0
620,62.0,0.97,10000.0,0.0,0.0,18.0,2000.0,30.0,19.0
621,398.0,0.96,300.0,0.0,0.0,0.0,80.0,1.0,2.0
622,39.0,0.98,10000.0,128.0,0.0,41.0,7000.0,66.0,75.0
623,23.0,1.0,9.0,0.0,0.0,0.0,3.0,0.0,0.0
624,149.9,0.96,10000.0,0.0,0.0,39.0,2000.0,26.0,57.0
625,136.0,1.0,38.0,0.0,0.0,0.0,11.0,0.0,0.0
626,79.9,0.96,2000.0,0.0,0.0,13.0,500.0,10.0,10.0
627,55.0,0.99,1000.0,0.0,0.0,7.0,1000.0,1.0,1.0
628,35.0,0.96,4000.0,73.0,0.0,7.0,2000.0,60.0,52.0
629,59.9,0.97,5000.0,77.0,0.0,17.0,2000.0,34.0,29.0
630,36.0,0.99,200.0,1.0,0.0,2.0,100.0,0.0,1.0
631,59.9,0.97,20000.0,0.0,0.0,78.0,10000.0,70.0,100.0
632,200.0,1.0,100.0,0.0,0.0,3.0,62.0,0.0,0.0
633,89.0,0.98,7000.0,170.0,0.0,18.0,6000.0,34.0,31.0
634,59.0,0.96,7000.0,272.0,0.0,5.0,7000.0,100.0,100.0
635,19.9,0.99,100000.0,0.0,0.0,600.0,70000.0,200.0,200.0
636,102.0,0.97,1000.0,0.0,0.0,2.0,200.0,0.0,5.0
637,9.0,0.98,30000.0,191.0,1.0,100.0,20000.0,100.0,100.0
638,39.9,0.96,10000.0,0.0,0.0,66.0,3000.0,63.0,70.0
639,65.9,0.98,8000.0,0.0,0.0,42.0,4000.0,25.0,46.0
640,4.9,0.9,300.0,0.0,0.0,1.0,89.0,3.0,6.0
641,58.0,0.97,3000.0,0.0,0.0,34.0,1000.0,9.0,18.0
642,8.4,0.97,10000.0,77.0,0.0,38.0,7000.0,83.0,79.0
643,55.0,0.97,2000.0,0.0,0.0,11.0,600.0,7.0,7.0
644,78.0,1.0,100.0,0.0,0.0,1.0,17.0,0.0,0.0
645,6.0,0.97,7000.0,0.0,0.0,20.0,2000.0,43.0,21.0
646,48.9,0.99,1000.0,0.0,0.0,5.0,500.0,2.0,4.0
647,31.9,0.97,100.0,0.0,0.0,0.0,43.0,0.0,1.0
648,29.9,0.99,10000.0,420.0,10.0,50.0,10000.0,48.0,48.0
649,28.0,0.99,1000.0,0.0,0.0,7.0,1000.0,1.0,1.0
650,17.8,0.97,900.0,0.0,0.0,2.0,100.0,0.0,5.0
651,88.0,0.98,10000.0,418.0,2.0,100.0,10000.0,96.0,100.0
652,128.0,0.97,800.0,0.0,0.0,3.0,200.0,3.0,3.0
653,49.9,0.9500000000000001,200.0,0.0,0.0,0.0,46.0,1.0,1.0
654,100.0,0.99,3000.0,0.0,0.0,23.0,1000.0,2.0,2.0
655,25.9,0.98,7000.0,29.0,0.0,35.0,4000.0,34.0,33.0
656,138.0,0.98,500.0,0.0,0.0,3.0,90.0,0.0,1.0
657,39.9,0.98,200000.0,195.0,1.0,700.0,100000.0,1000.0,1000.0
658,58.0,0.96,400.0,0.0,0.0,1.0,73.0,3.0,0.0
659,99.0,1.0,20.0,0.0,0.0,0.0,5.0,0.0,0.0
660,99.0,0.9500000000000001,200.0,0.0,0.0,0.0,47.0,1.0,1.0
661,88.0,0.96,500.0,0.0,0.0,4.0,100.0,2.0,2.0
662,23.9,0.9500000000000001,1000.0,0.0,0.0,6.0,300.0,8.0,6.0
663,80.0,0.98,7000.0,170.0,0.0,18.0,6000.0,34.0,31.0
664,69.0,0.96,3000.0,0.0,0.0,9.0,700.0,7.0,16.0
665,179.0,1.0,100.0,0.0,0.0,0.0,100.0,0.0,0.0
666,79.9,0.98,10000.0,0.0,0.0,28.0,3000.0,27.0,27.0
667,69.0,0.99,2000.0,21.0,0.0,4.0,1000.0,5.0,2.0
668,19.8,0.97,40000.0,0.0,0.0,100.0,8000.0,100.0,79.0
669,0.94,0.89,100.0,0.0,0.0,1.0,35.0,0.0,4.0
670,125.0,0.99,20000.0,17.0,0.0,55.0,10000.0,48.0,54.0
671,19.9,0.97,1000.0,13.0,0.0,1.0,600.0,14.0,5.0
672,69.0,1.0,100.0,0.0,0.0,0.0,13.0,0.0,0.0
673,18.9,0.97,1000.0,14.0,0.0,8.0,900.0,12.0,10.0
674,800.0,0.99,8000.0,0.0,0.0,28.0,4000.0,3.0,11.0
675,45.0,0.97,900.0,0.0,0.0,3.0,100.0,1.0,3.0
676,28.9,0.98,400.0,0.0,0.0,5.0,100.0,1.0,1.0
677,35.8,0.97,40000.0,0.0,0.0,100.0,8000.0,100.0,79.0
678,56.6,0.98,70000.0,0.0,0.0,200.0,20000.0,200.0,200.0
679,49.9,1.0,100.0,0.0,0.0,0.0,20.0,0.0,0.0
680,49.5,0.98,400000.0,5.0,0.0,1000.0,100000.0,1000.0,1000.0
681,178.0,1.0,100.0,0.0,0.0,0.0,18.0,0.0,0.0
682,38.0,0.9500000000000001,400.0,0.0,0.0,0.0,57.0,1.0,2.0
683,59.9,0.98,1000000.0,500.0,6.0,2000.0,600000.0,5000.0,4000.0
684,219.0,0.99,9000.0,0.0,0.0,100.0,6000.0,7.0,18.0
685,49.9,0.98,100000.0,500.0,0.0,300.0,50000.0,300.0,400.0
686,79.0,0.98,1000000.0,500.0,13.0,3000.0,900000.0,5000.0,5000.0
687,165.0,0.99,100000.0,500.0,1.0,200.0,70000.0,300.0,300.0
688,23.8,0.97,40000.0,0.0,0.0,100.0,8000.0,100.0,79.0
689,39.5,0.98,2000000.0,500.0,20.0,7000.0,1000000.0,7000.0,6000.0
690,109.0,0.97,900000.0,0.0,0.0,1000.0,100000.0,1000.0,2000.0
691,25.8,0.97,40000.0,0.0,0.0,100.0,8000.0,100.0,79.0
692,29.0,0.97,40000.0,0.0,0.0,100.0,8000.0,100.0,80.0
693,39.8,0.97,40000.0,0.0,0.0,100.0,8000.0,100.0,80.0
694,23.8,0.97,40000.0,0.0,0.0,100.0,8000.0,100.0,79.0
695,89.0,0.98,6000.0,0.0,0.0,16.0,1000.0,10.0,17.0
696,23.8,0.97,40000.0,0.0,0.0,100.0,8000.0,100.0,80.0
697,23.8,0.97,40000.0,0.0,0.0,100.0,8000.0,100.0,79.0
698,39.9,0.97,60000.0,500.0,1.0,300.0,40000.0,600.0,400.0
699,19.8,0.97,40000.0,0.0,0.0,100.0,8000.0,100.0,80.0
700,89.9,0.98,1000.0,0.0,0.0,5.0,400.0,4.0,2.0
701,339.0,0.98,4000.0,0.0,0.0,9.0,600.0,3.0,4.0
702,49.0,0.98,10000.0,0.0,0.0,200.0,8000.0,37.0,61.0
703,59.0,0.98,10000.0,0.0,0.0,200.0,8000.0,37.0,61.0
704,59.9,0.99,20000.0,249.0,0.0,100.0,20000.0,92.0,100.0
705,128.0,0.97,900.0,0.0,0.0,4.0,100.0,3.0,2.0
